{
   "dashboards": [{
      "autoswitchEnabled": false,
      "columnCount": 1,
      "columnProportion": "1",
      "creationTime": 1546455665319,
      "dashboardNavigations": {},
      "description": "",
      "disabled": false,
      "gridsterMaxColumns": 12,
      "hidden": false,
      "homeTab": false,
      "id": "566c495c-d2d7-49ac-874e-478f875ae1aa",
      "importAttempts": 0,
      "importComplete": true,
      "isDefault": false,
      "locked": false,
      "name": "VM Power Status",
      "namePath": "Custom Dashboards",
      "rank": 113,
      "shared": false,
      "temporary": false,
      "userId": "c5fc5664-8a26-4eec-a10e-22582ca421ba",
      "widgetInteractions": [],
      "widgets": [
         {
            "collapsed": true,
            "config": {
               "additionalColumns": [
                  {
                     "boxLabel": "Uptime (seconds)",
                     "metricKey": "sys|osUptime_latest",
                     "metricName": "System|OS Uptime",
                     "resourceKindId": "resourceKind:id:0_::_"
                  },
                  {
                     "boxLabel": "Uptime (hours)",
                     "metricKey": "Super Metric|sm_cc4058b3-23ed-408f-8243-6bb3277e4150",
                     "metricName": "Super Metric|uptime_in_hours",
                     "resourceKindId": "resourceKind:id:0_::_"
                  },
                  {
                     "boxLabel": "Uptime (days)",
                     "metricKey": "Super Metric|sm_2be751d2-69e6-415a-885b-67ea0f9a48a9",
                     "metricName": "Super Metric|uptime_in_days",
                     "resourceKindId": "resourceKind:id:0_::_"
                  },
                  {
                     "boxLabel": "VM On",
                     "metricKey": "sys|poweredOn",
                     "metricName": "System|Powered ON",
                     "resourceKindId": "resourceKind:id:0_::_"
                  }
               ],
               "mode": -1,
               "refreshContent": {"refreshContent": true},
               "refreshInterval": 300,
               "selectFirstRow": {"selectFirstRow": false},
               "tagFilter": {
                  "path": ["/source/kind/kind:resourceKind:id:0_::_"],
                  "value": {
                     "adapterInstance": [],
                     "adapterKind": [],
                     "bus": [],
                     "collector": [],
                     "day": [],
                     "exclaim": false,
                     "healthRange": [],
                     "kind": ["resourceKind:id:0_::_"],
                     "maintenanceSchedule": [],
                     "state": [],
                     "status": [],
                     "tag": [],
                     "tier": []
                  }
               },
               "title": "VM's uptime details (Click to expand)"
            },
            "gridsterCoords": {
               "h": 1,
               "w": 4,
               "x": 1,
               "y": 1
            },
            "height": 837,
            "id": "930ccdfd-1d8b-4953-8544-d9dfdad25914",
            "states": [{
               "key": "permResGrid_widget_566c495c-d2d7-49ac-874e-478f875ae1aa_930ccdfd-1d8b-4953-8544-d9dfdad25914",
               "value": "o%3Acolumns%3Da%253Ao%25253Aid%25253Ds%2525253Ah1%25255Ehidden%25253Db%2525253A1%25255Ewidth%25253Dn%2525253A100%255Eo%25253Aid%25253Ds%2525253Ah2%25255Ewidth%25253Dn%2525253A264%255Eo%25253Aid%25253Ds%2525253Ah3%25255Ehidden%25253Db%2525253A1%25255Ewidth%25253Dn%2525253A100%255Eo%25253Aid%25253Ds%2525253Ah4%25255Ehidden%25253Db%2525253A1%255Eo%25253Aid%25253Ds%2525253Ah5%25255Ehidden%25253Db%2525253A1%255Eo%25253Aid%25253Ds%2525253Ah6%25255Ehidden%25253Db%2525253A1%255Eo%25253Aid%25253Ds%2525253Ah7%25255Ehidden%25253Db%2525253A1%25255Ewidth%25253Dn%2525253A100%255Eo%25253Aid%25253Ds%2525253Ah8%25255Ehidden%25253Db%2525253A1%25255Ewidth%25253Dn%2525253A100%255Eo%25253Aid%25253Ds%2525253Ah9%25255Ehidden%25253Db%2525253A1%25255Ewidth%25253Dn%2525253A100%255Eo%25253Aid%25253Ds%2525253Ah10%25255Ehidden%25253Db%2525253A1%25255Ewidth%25253Dn%2525253A100%255Eo%25253Aid%25253Ds%2525253Ah11%25255Ehidden%25253Db%2525253A1%25255Ewidth%25253Dn%2525253A100%255Eo%25253Aid%25253Ds%2525253Ah12%25255Ehidden%25253Db%2525253A1%25255Ewidth%25253Dn%2525253A100%255Eo%25253Aid%25253Ds%2525253Ah13%25255Ehidden%25253Db%2525253A1%25255Ewidth%25253Dn%2525253A100%255Eo%25253Aid%25253Ds%2525253Ah14%25255Ehidden%25253Db%2525253A1%255Eo%25253Aid%25253Ds%2525253Ah15%25255Ehidden%25253Db%2525253A1%255Eo%25253Aid%25253Ds%2525253Ah16%25255Ehidden%25253Db%2525253A1%25255Ewidth%25253Dn%2525253A100%255Eo%25253Aid%25253Ds%2525253Ah17%25255Ehidden%25253Db%2525253A0%25255Ewidth%25253Dn%2525253A134%255Eo%25253Aid%25253Ds%2525253Ah18%25255Ehidden%25253Db%2525253A0%25255Ewidth%25253Dn%2525253A134%255Eo%25253Aid%25253Ds%2525253Ah19%25255Ehidden%25253Db%2525253A0%25255Ewidth%25253Dn%2525253A112%255Eo%25253Aid%25253Ds%2525253Ah20%25255Ehidden%25253Db%2525253A0%25255Ewidth%25253Dn%2525253A100%255Eo%25253Aid%25253Ds%2525253Ah21%25255Ehidden%25253Db%2525253A1%25255Ewidth%25253Dn%2525253A100%255Eo%25253Aid%25253Ds%2525253Ah22%25255Ehidden%25253Db%2525253A1%25255Ewidth%25253Dn%2525253A100%255Eo%25253Aid%25253Ds%2525253Ah23%25255Ehidden%25253Db%2525253A1%25255Ewidth%25253Dn%2525253A100%255Eo%25253Aid%25253Ds%2525253Ah24%25255Ehidden%25253Db%2525253A1%25255Ewidth%25253Dn%2525253A100%255Eo%25253Aid%25253Ds%2525253Ah25%25255Ehidden%25253Db%2525253A1%25255Ewidth%25253Dn%2525253A100%255Eo%25253Aid%25253Ds%2525253Ah26%25255Ehidden%25253Db%2525253A1%25255Ewidth%25253Dn%2525253A100%255Eo%25253Aid%25253Ds%2525253Ah27%25255Ehidden%25253Db%2525253A1%25255Ewidth%25253Dn%2525253A100%255Eo%25253Aid%25253Ds%2525253Ah28%25255Ehidden%25253Db%2525253A1%25255Ewidth%25253Dn%2525253A100%255Eo%25253Aid%25253Ds%2525253Ah29%25255Ehidden%25253Db%2525253A1%25255Ewidth%25253Dn%2525253A100%255Eo%25253Aid%25253Ds%2525253Ah30%25255Ehidden%25253Db%2525253A1%25255Ewidth%25253Dn%2525253A100%255Eo%25253Aid%25253Ds%2525253Ah31%25255Ehidden%25253Db%2525253A1%25255Ewidth%25253Dn%2525253A100%255Eo%25253Aid%25253Ds%2525253Ah32%25255Ehidden%25253Db%2525253A1%25255Ewidth%25253Dn%2525253A100%255Eo%25253Aid%25253Ds%2525253Ah33%25255Ehidden%25253Db%2525253A1%25255Ewidth%25253Dn%2525253A100%255Eo%25253Aid%25253Ds%2525253Ah34%25255Ehidden%25253Db%2525253A1%25255Ewidth%25253Dn%2525253A100%255Eo%25253Aid%25253Ds%2525253Ah35%25255Ehidden%25253Db%2525253A1%25255Ewidth%25253Dn%2525253A100%255Eo%25253Aid%25253Ds%2525253Ah36%25255Ehidden%25253Db%2525253A1%25255Ewidth%25253Dn%2525253A100%255Eo%25253Aid%25253Ds%2525253Ah37%25255Ehidden%25253Db%2525253A1%25255Ewidth%25253Dn%2525253A100%255Eo%25253Aid%25253Ds%2525253Ah38%25255Ehidden%25253Db%2525253A1%25255Ewidth%25253Dn%2525253A100%255Eo%25253Aid%25253Ds%2525253Ah39%25255Ehidden%25253Db%2525253A1%25255Ewidth%25253Dn%2525253A100%255Eo%25253Aid%25253Ds%2525253Ah40%25255Ehidden%25253Db%2525253A1%25255Ewidth%25253Dn%2525253A100%255Eo%25253Aid%25253Ds%2525253Ah41%25255Ehidden%25253Db%2525253A1%25255Ewidth%25253Dn%2525253A100%255Eo%25253Aid%25253Ds%2525253Ah42%25255Ehidden%25253Db%2525253A1%25255Ewidth%25253Dn%2525253A100%255Eo%25253Aid%25253Ds%2525253Ah43%25255Ehidden%25253Db%2525253A1%25255Ewidth%25253Dn%2525253A100%255Eo%25253Aid%25253Ds%2525253Ah44%25255Ehidden%25253Db%2525253A1%25255Ewidth%25253Dn%2525253A100%255Eo%25253Aid%25253Ds%2525253Ah45%25255Ehidden%25253Db%2525253A1%25255Ewidth%25253Dn%2525253A100%255Eo%25253Aid%25253Ds%2525253Ah46%25255Ehidden%25253Db%2525253A1%25255Ewidth%25253Dn%2525253A100%5EstoreState%3Do%253Asorters%253Da%25253Ao%2525253Aroot%2525253Ds%252525253Adata%2525255Eproperty%2525253Ds%252525253Aname%2525255Edirection%2525253Ds%252525253ADESC"
            }],
            "title": "VM's uptime details (Click to expand)",
            "type": "ResourceList"
         },
         {
            "collapsed": false,
            "config": {
               "configs": [{
                  "attributeKind": {"value": ""},
                  "color": {
                     "maxValue": 0.01,
                     "minValue": 0,
                     "thresholds": {
                        "colors": [
                           "#FF0000",
                           "#FFFF00",
                           "#00FF00"
                        ],
                        "values": [
                           0,
                           50,
                           100
                        ]
                     }
                  },
                  "colorBy": {
                     "metricKey": "sys|osUptime_latest",
                     "value": "System|OS Uptime"
                  },
                  "focusOnGroups": true,
                  "groupBy": {
                     "id": "004null002006VMWAREVirtualMachine",
                     "parentId": "VMWARE",
                     "parentText": "vCenter Adapter",
                     "text": "Virtual Machine",
                     "type": "resourceKind",
                     "typeId": "resourceKind:id:0_::_"
                  },
                  "mode": {"mode": false},
                  "name": "vm heatmap",
                  "relationalGrouping": false,
                  "resourceKind": "resourceKind:id:0_::_",
                  "sizeBy": {
                     "metricKey": null,
                     "value": ""
                  },
                  "solidColoring": false,
                  "tagFilter": null,
                  "thenBy": {
                     "id": "004null002006VMWAREDatacenter",
                     "parentId": "VMWARE",
                     "parentText": "vCenter Adapter",
                     "text": "Datacenter",
                     "type": "resourceKind",
                     "typeId": "resourceKind:id:1_::_"
                  }
               }],
               "refreshContent": {"refreshContent": true},
               "refreshInterval": 300,
               "title": "VM Uptime (all VMs) - Green=ON White=Off",
               "value": 0
            },
            "gridsterCoords": {
               "h": 14,
               "w": 4,
               "x": 1,
               "y": 2
            },
            "height": 780,
            "id": "85f8f47c-8a82-4c08-869a-278978d3fa69",
            "states": [
               {
                  "key": "perm_toolbarVisible_widget_566c495c-d2d7-49ac-874e-478f875ae1aa_85f8f47c-8a82-4c08-869a-278978d3fa69",
                  "value": "b%3A0"
               },
               {
                  "key": "perm_HeatMap_widget_566c495c-d2d7-49ac-874e-478f875ae1aa_85f8f47c-8a82-4c08-869a-278978d3fa69",
                  "value": "o%3A"
               }
            ],
            "title": "VM Uptime (all VMs) - Green=ON White=Off",
            "type": "Heatmap"
         },
         {
            "collapsed": false,
            "config": {
               "boxColumns": 2,
               "boxHeight": null,
               "labelSize": 12,
               "maxCellCount": 100,
               "metric": {
                  "mode": "resourceKind",
                  "resourceKindMetrics": [
                     {
                        "colorMethod": 1,
                        "id": "extModel18798-1",
                        "isStringMetric": false,
                        "metricKey": "summary|number_poweredOff_vms",
                        "metricName": "Summary|Number of Powered Off VMs",
                        "metricUnitId": null,
                        "resourceKindId": "resourceKind:id:2_::_",
                        "resourceKindName": "vSphere World",
                        "unit": null
                     },
                     {
                        "colorMethod": 1,
                        "id": "extModel18798-2",
                        "isStringMetric": false,
                        "metricKey": "summary|number_running_vms",
                        "metricName": "Summary|Number of Running VMs",
                        "metricUnitId": null,
                        "resourceKindId": "resourceKind:id:2_::_",
                        "resourceKindName": "vSphere World",
                        "unit": null
                     }
                  ],
                  "resourceMetrics": []
               },
               "mode": {"layoutMode": "fixedView"},
               "periodLength": null,
               "refreshContent": {"refreshContent": false},
               "refreshInterval": 300,
               "relationshipMode": 0,
               "resInteractionMode": null,
               "roundDecimals": null,
               "selfProvider": {"selfProvider": true},
               "showDT": {"showDT": true},
               "showMetricName": {"showMetricName": true},
               "showMetricUnit": {"showMetricUnit": true},
               "showResourceName": {"showResourceName": false},
               "showSparkline": {"showSparkline": true},
               "title": "Total VMs On and OFF",
               "valueSize": 24,
               "visualTheme": 4
            },
            "gridsterCoords": {
               "h": 8,
               "w": 3,
               "x": 5,
               "y": 8
            },
            "height": 438,
            "id": "76731f46-4b66-4439-b723-f33094f9a1f3",
            "title": "Total VMs On and OFF",
            "type": "Scoreboard"
         },
         {
            "collapsed": false,
            "config": {
               "locationFile": "",
               "locationUrl": "https://10.126.76.27:29443/home?contextId=shared&datePreset=LAST_5_MINUTES&viewId=4",
               "refreshContent": {"refreshContent": true},
               "refreshInterval": 300,
               "title": "Log Insight VM's Powered Off (last 5 Minute)",
               "viewModeHTML": true
            },
            "gridsterCoords": {
               "h": 7,
               "w": 8,
               "x": 5,
               "y": 1
            },
            "height": 381,
            "id": "bb2357e2-52e8-485b-b227-0f052aa2d6ee",
            "title": "Log Insight VM's Powered Off (last 5 Minute)",
            "type": "TextDisplay"
         },
         {
            "collapsed": false,
            "config": {},
            "gridsterCoords": {
               "h": 8,
               "w": 5,
               "x": 8,
               "y": 8
            },
            "height": 438,
            "id": "f22ca8b5-dbc1-4884-b499-e72381d8208c",
            "title": "Geo",
            "type": "Geo"
         }
      ]
   }],
   "entries": {"resourceKind": [
      {
         "adapterKindKey": "VMWARE",
         "internalId": "resourceKind:id:1_::_",
         "resourceKindKey": "Datacenter"
      },
      {
         "adapterKindKey": "VMWARE",
         "internalId": "resourceKind:id:0_::_",
         "resourceKindKey": "VirtualMachine"
      },
      {
         "adapterKindKey": "VMWARE",
         "internalId": "resourceKind:id:2_::_",
         "resourceKindKey": "vSphere World"
      }
   ]},
   "uuid": "231312a2-7ff1-4b2a-b4ed-6ffabdf4033a"
}